ticker,currency,price,change,change_percent,fx_to_base,low52w,high52w,yield_pct,payout_pct,sector,logo_url,annual_dividend,acciones
BME:ACS,EUR,"91,65","-0,75","-0,81",1,41,"93,15",,,,,,102
AMS:AD,EUR,"33,6","-0,14","-0,41",1,"32,09","38,76",,,,,,75
BME:BBVA,EUR,"20,45","0,38","1,89",1,"9,75","20,82",,,,,,400
EPA:BN,EUR,"76,82","0,62","0,81",1,"63,52","80,14",,,,,,25
BME:EBRO,EUR,"18,28","-0,18","-0,98",1,"15,66","18,9",,,,,,120
BME:ELE,EUR,"31,05","0,13","0,42",1,"20,41","32,51",,,,,,148
BME:ENG,EUR,"13,83","-0,11","-0,75",1,"11,61","14,5",,,,,,213
BME:IBE,EUR,"18,9","-0,04","-0,21",1,"13,01","19,18",,,,,,222
BME:ITX,EUR,"56,46","-0,32","-0,56",1,"40,8","57,74",,,,,,45
BME:LDA,EUR,"1,11",0,"0,18",1,"0,99","1,44",,,,,,1600
BME:LOG,EUR,31,"0,16","0,52",1,"26,16","31,18",,,,,,60
BME:MAP,EUR,"4,24","-0,04","-1,03",1,"2,34","4,33",,,,,,1000
BME:MCM,EUR,"14,35","0,05","0,35",1,"11,75",15,,,,,,109
MICC,EUR,"15,28","0,08","0,53",1,"14,45","16,89",,,,,,
BME:NTGY,EUR,"25,56","-0,12","-0,47",1,"22,96","27,9",,,,,,75
BME:REd,EUR,"15,25","-0,18","-1,17",1,"14,68","19,51",,,,,,170
BME:REP,EUR,"16,5","0,14","0,86",1,"9,41","17,27",,,,,,162
BME:SAB,EUR,"3,3","-0,03","-0,96",1,"1,9","3,48",,,,,,500
AMS:UNA,EUR,"54,78","0,91","1,69",1,"52,92","64,55",,,,,,55.111100
BME:VID,EUR,"92,1","0,7","0,77",1,"80,1","97,71",,,,,,16
BME:VIS,EUR,"54,9","0,5","0,92",1,"48,35","68,7",,,,,,41
LON:AV,GBP,683,"-7,6","-1,1","1,1523","465,7","700,8",,,,,,
LON:BATS,GBP,4054,44,"1,1","1,1523",2820,"4876,92",,,,,,105
LON:DGE,GBP,1630,28,"1,75","1,1523",1564,"2567,5",,,,,,185
LON:VOD,GBP,"101,2","-2,45","-2,36","1,1523","62,4","109,49",,,,,,1400
HKG:0001,HKD,"57,15","2,05","3,72","0,1102402","37,45","57,75",,,,,,500
HKG:1038,HKD,"60,8","1,25","2,1","0,1102402","45,25",61,,,,,,500
HKG:1044,HKD,"27,26","0,12","0,44","0,1102402","19,52","29,4",,,,,,500
HKG:1052,HKD,"4,56",0,0,"0,1102402","3,27","4,79",,,,,,4000
HKG:0144,HKD,"15,15","0,05","0,33","0,1102402","11,42","16,73",,,,,,2000
HKG:0257,HKD,"4,85","-0,03","-0,61","0,1102402","3,2","5,11",,,,,,7000
HKG:2678,HKD,"4,79",0,0,"0,1102402","3,25","5,48",,,,,,4000
HKG:0392,HKD,"32,22","0,02","0,06","0,1102402","26,1","36,88",,,,,,1000
HKG:0855,HKD,"5,53","-0,06","-1,07","0,1102402","4,37","7,05",,,,,,4000
NASDAQ:AAPL,USD,"259,37","0,33","0,13","0,8595","169,21","288,61",,,,,,4
NYSE:ABBV,USD,"220,08","-4,05","-1,81","0,8595","164,39","244,81",,,,,,20
NASDAQ:AMGN,USD,"326,1","-4,01","-1,21","0,8595","260,55","346,38",,,,,,10
NYSE:ARE,USD,"53,97","0,7","1,31","0,8595","44,1","105,14",,,,,,21
NYSE:BBY,USD,"70,61","-1,2","-1,67","0,8595","54,99","91,68",,,,,,31
NYSE:BF.B,USD,"25,96","0,27","1,05","0,8595","25,32","38,85",,,,,,
NYSE:BLK,USD,"1085,1","-2,82","-0,26","0,8595","773,74","1219,94",,,,,,2
NYSE:BMY,USD,"55,86","-0,04","-0,07","0,8595","42,52","63,33",,,,,,54
NYSE:CLX,USD,"106,19","1,94","1,86","0,8595","96,66","164,22",,,,,,11
NASDAQ:CMCSA,USD,"28,37","0,16","0,57","0,8595","24,12","35,97",,,,,,78
NYSE:CNI,USD,"98,95","-0,52","-0,52","0,8595","90,74","108,75",,,,,,12
NASDAQ:CSCO,USD,"73,88","-0,08","-0,11","0,8595","52,11","80,82",,,,,,51
NYSE:CVX,USD,"162,11","2,86","1,8","0,8595","132,04","168,96",,,,,,5
NYSE:EL,USD,"113,73","3,46","3,14","0,8595","48,37","113,86",,,,,,31
NASDAQ:GILD,USD,"121,1","0,43","0,36","0,8595","88,58","128,7",,,,,,16
NYSE:GIS,USD,"44,6","1,29","2,98","0,8595","42,79","67,35",,,,,,46
NYSE:HD,USD,"374,64","15,08","4,19","0,8595","326,31","426,75",,,,,,8
NYSE:HII,USD,"386,99","8,52","2,25","0,8595","158,88","391,04",,,,,,5
NYSE:HRL,USD,"23,23","0,36","1,57","0,8595","21,03","32,07",,,,,,67
NYSE:HSY,USD,"189,07","4,32","2,34","0,8595","140,13",199,,,,,,5
NYSE:INGR,USD,"113,57","0,66","0,58","0,8595","102,31","141,78",,,,,,21
NASDAQ:INTC,USD,"45,55","4,44","10,8","0,8595","17,67","45,73",,,,,,90
NYSE:ITW,USD,"255,12","1,39","0,55","0,8595","214,66","278,13",,,,,,8
NYSEARCA:JEPI,USD,"58,25","0,21","0,36","0,8595","49,94","59,72",,,,,,105.451600
NYSE:JNJ,USD,"204,39","-1,36","-0,66","0,8595","140,68","215,19",,,,,,21
NYSE:JPM,USD,"329,19","-0,6","-0,18","0,8595","202,16","337,25",,,,,,13
NASDAQ:KHC,USD,"23,42","-0,01","-0,04","0,8595","22,92","33,35",,,,,,90
KMB,USD,"97,92","-0,95","-0,96","0,8595","96,26","150,45",,,,,,
NYSE:KO,USD,"70,51","1,14","1,64","0,8595","60,71","74,38",,,,,,35
NYSE:LMT,USD,"542,92","24,48","4,72","0,8595","410,11","546,07",,,,,,6
NYSE:LOW,USD,"267,21",11,"4,29","0,8595","206,39","274,98",,,,,,6
NYSE:LYB,USD,"48,71","1,07","2,25","0,8595","41,58","79,39",,,,,,45
NYSE:MAA,USD,"135,9","-2,64","-1,91","0,8595","125,75","173,38",,,,,,13
NYSE:MCD,USD,"307,32","-1,56","-0,51","0,8595","276,53","326,32",,,,,,2
NYSE:MDT,USD,"97,53","-1,16","-1,18","0,8595","79,55","106,33",,,,,,10
NYSE:MMM,USD,"165,24",0,0,"0,8595","121,98","174,69",,,,,,38
NYSE:MO,USD,"57,53","1,63","2,92","0,8595","50,08","68,6",,,,,,41
NYSE:MPW,USD,"5,42","-0,02","-0,37","0,8595","3,51","6,34",,,,,,180
NYSE:MRK,USD,"110,53","-0,46","-0,41","0,8595","73,31","112,9",,,,,,31
NASDAQ:MSFT,USD,"479,28","1,17","0,24","0,8595","344,79","555,45",,,,,,3
NYSE:NKE,USD,"65,92","0,66","1,01","0,8595","52,28","82,44",,,,,,30
NYSE:O,USD,"58,17","-0,12","-0,21","0,8595","50,71","61,09",,,,,,66
NASDAQ:PEP,USD,"139,91","0,54","0,39","0,8595","127,6","160,15",,,,,,20
NYSE:PG,USD,"141,87","0,34","0,24","0,8595","137,62","179,99",,,,,,15
NASDAQ:QCOM,USD,"177,78","-4,09","-2,25","0,8595","120,8","205,55",,,,,,5
NASDAQ:SBUX,USD,"88,88","0,7","0,79","0,8595","75,5","117,46",,,,,,28
SCHD,USD,"28,55","0,13","0,46","0,8595","23,88","28,84",,,,,,
NYSE:SPG,USD,"184,69","-0,29","-0,16","0,8595","136,34","190,14",,,,,,19
NYSE:SWK,USD,"82,35","0,86","1,06","0,8595","53,91","91,06",,,,,,24
NYSE:TAP,USD,"48,13","0,88","1,86","0,8595","42,94","64,66",,,,,,46
NYSE:TGT,USD,"105,52","-0,81","-0,76","0,8595","83,44","145,08",,,,,,21
NASDAQ:TROW,USD,"107,31","-1,26","-1,16","0,8595","77,85","118,31",,,,,,31
NYSE:TSN,USD,"58,03","0,66","1,15","0,8595","50,56","64,36",,,,,,41
NASDAQ:TXN,USD,"190,31","1,86","0,99","0,8595","139,95","221,69",,,,,,11
NYSE:UNH,USD,"343,98","-2,87","-0,83","0,8595","234,6","606,36",,,,,,3
NYSE:USB,USD,"55,21","-0,32","-0,58","0,8595","35,18","56,2",,,,,,50
NYSE:V,USD,"349,77","-2,46","-0,7","0,8595",299,"375,51",,,,,,4
NYSE:VFC,USD,"19,86","-0,33","-1,63","0,8595","9,41","29,02",,,,,,65
NYSE:VZ,USD,"40,46","-0,11","-0,27","0,8595","10,6","47,36",,,,,,79
NYSE:WM,USD,"220,91","3,05","1,4","0,8595","194,11","242,58",,,,,,5
NYSE:WPC,USD,"66,5","-0,96","-1,42","0,8595","52,91","69,79",,,,,,37
NYSE:XOM,USD,"124,61","1,7","1,38","0,8595","97,8","125,93",,,,,,10
